Workbook

Sheet My trades
A1: Trade | B1: Stock exchange | C1: Region | D1: Date added | E1: Quantity | F1: Buy Price | G1: Date sold | H1: Sell Price
A2: hrfilyua | B2: Australian Securities Exchange | C2: Australia | D2: 44356 | E2: 6 | F2: 0.75369285 | G2: 45000 | H2: 0.9531035
A3: jgrpnvil | B3: Australian Securities Exchange | C3: Australia | D3: 44574 | E3: 5 | F3: 0.024408043 | G3: 45041 | H3: 0.11842008
A4: knrhgdai | B4: Australian Securities Exchange | C4: Australia | D4: 44643 | E4: 10 | F4: 0.13502577 | G4: 45050 | H4: 0.097289928
A5: kweyaukr | B5: Australian Securities Exchange | C5: Australia | D5: 44544 | E5: 7 | F5: 0.77483286 | G5: 44977 | H5: 0.83972936
A6: mfdlyjqb | B6: Australian Securities Exchange | C6: Australia | D6: 44250 | E6: 5 | F6: 0.70021845 | G6: 45008 | H6: 0.61187665
A7: mjbwcafl | B7: Australian Securities Exchange | C7: Australia | D7: 44396 | E7: 7 | F7: 0.5521179 | G7: 45011 | H7: 0.33871055
A8: mxpzparg | B8: Australian Securities Exchange | C8: Australia | D8: 44468 | E8: 3 | F8: 0.93189165 | G8: 44962 | H8: 0.024378569
A9: nklszbdc | B9: Australian Securities Exchange | C9: Australia | D9: 44659 | E9: 7 | F9: 0.75215133 | G9: 45051 | H9: 0.026168364
A10: pnsxdhqo | B10: Australian Securities Exchange | C10: Australia | D10: 44595 | E10: 1 | F10: 0.90771623 | G10: 44956 | H10: 0.76439007
A11: qexyofhb | B11: Australian Securities Exchange | C11: Australia | D11: 44886 | E11: 8 | F11: 0.46539822 | G11: 45038 | H11: 0.39766403
A12: qonnwndv | B12: Australian Securities Exchange | C12: Australia | D12: 44297 | E12: 2 | F12: 0.022277472 | G12: 45053 | H12: 0.31572523
A13: twxakkhn | B13: Australian Securities Exchange | C13: Australia | D13: 44857 | E13: 5 | F13: 0.36944159 | G13: 44944 | H13: 0.8359848 | M13: 1
A14: txuwmhfn | B14: Australian Securities Exchange | C14: Australia | D14: 44607 | E14: 1 | F14: 0.58311714 | G14: 44986 | H14: 0.13209412
A15: uijhzhtp | B15: Australian Securities Exchange | C15: Australia | D15: 44830 | E15: 2 | F15: 0.28151547 | G15: 44971 | H15: 0.11284574
A16: wfglkcmq | B16: Australian Securities Exchange | C16: Australia | D16: 44903 | E16: 1 | F16: 0.4817737 | G16: 45046 | H16: 0.92834498
A17: zlqfijoe | B17: Australian Securities Exchange | C17: Australia | D17: 44229 | E17: 10 | F17: 0.81758393 | G17: 44937 | H17: 0.16419798
A18: dieionnl | B18: B3 Brasil Bolsa Balcão | C18: Brazil | D18: 44469 | E18: 2 | F18: 0.002202761 | G18: 45016 | H18: 0.3827484
A19: dspetbsq | B19: B3 Brasil Bolsa Balcão | C19: Brazil | D19: 44725 | E19: 8 | F19: 0.87889715 | G19: 44932 | H19: 0.20020557
A20: icbmbfqb | B20: B3 Brasil Bolsa Balcão | C20: Brazil | D20: 44340 | E20: 9 | F20: 0.8764672 | G20: 44957 | H20: 0.32932753
A21: ivnpgban | B21: B3 Brasil Bolsa Balcão | C21: Brazil | D21: 44679 | E21: 1 | F21: 0.57483109 | G21: 44936 | H21: 0.14703844
A22: jyrrbwon | B22: B3 Brasil Bolsa Balcão | C22: Brazil | D22: 44706 | E22: 1 | F22: 0.26955506 | G22: 45000 | H22: 0.12218236
A23: kltxxoqv | B23: B3 Brasil Bolsa Balcão | C23: Brazil | D23: 44270 | E23: 3 | F23: 0.98933193 | G23: 44952 | H23: 0.11674738
A24: lpzjhtkm | B24: B3 Brasil Bolsa Balcão | C24: Brazil | D24: 44557 | E24: 4 | F24: 0.0036105377 | G24: 44993 | H24: 0.43041045
A25: nuleyiit | B25: B3 Brasil Bolsa Balcão | C25: Brazil | D25: 44903 | E25: 7 | F25: 0.60752717 | G25: 45029 | H25: 0.9028684
... A201: xmzhzbvl | B201: New York Stock Exchange | C201: United States | D201: 44572 | E201: 3 | F201: 0.11774864 | G201: 45073 | H201: 0.67092431
D203: ​

Sheet Stock Exchanges
A3: Region | B3: Stock exchange | C3: Num of trades | D3: Mondatory to pay taxes
A4: Australia | C4: 80 | D4: =IF(A4="","", IF(C4>=67,"yes", "no")) -> yes
B5: Australian Securities Exchange | C5: 80 | D5: =IF(A5="","", IF(C5>=67,"yes", "no"))
A6: Brazil | C6: 83 | D6: =IF(A6="","", IF(C6>=67,"yes", "no")) -> yes
B7: B3 Brasil Bolsa Balcão | C7: 83 | D7: =IF(A7="","", IF(C7>=67,"yes", "no"))
A8: Canada | C8: 46 | D8: =IF(A8="","", IF(C8>=67,"yes", "no")) -> no
B9: Toronto Stock Exchange | C9: 46 | D9: =IF(A9="","", IF(C9>=67,"yes", "no"))
A10: China | C10: 74 | D10: =IF(A10="","", IF(C10>=67,"yes", "no")) -> yes
B11: Shanghai Stock Exchange | C11: 39 | D11: =IF(A11="","", IF(C11>=67,"yes", "no"))
B12: Shenzhen Stock Exchange | C12: 35 | D12: =IF(A12="","", IF(C12>=67,"yes", "no"))
A13: Europe | C13: 70 | D13: =IF(A13="","", IF(C13>=67,"yes", "no")) -> yes
B14: Euronext | C14: 30 | D14: =IF(A14="","", IF(C14>=67,"yes", "no"))
B15: Nasdaq Nordic and Baltic Exchanges | C15: 40 | D15: =IF(A15="","", IF(C15>=67,"yes", "no"))
A16: Germany | C16: 81 | D16: =IF(A16="","", IF(C16>=67,"yes", "no")) -> yes
B17: Deutsche Börse AG | C17: 81 | D17: =IF(A17="","", IF(C17>=67,"yes", "no"))
A18: Hong Kong | C18: 54 | D18: =IF(A18="","", IF(C18>=67,"yes", "no")) -> no
B19: Hong Kong Stock Exchange | C19: 54 | D19: =IF(A19="","", IF(C19>=67,"yes", "no"))
A20: India | C20: 111 | D20: =IF(A20="","", IF(C20>=67,"yes", "no")) -> yes
B21: Bombay Stock Exchange | C21: 75 | D21: =IF(A21="","", IF(C21>=67,"yes", "no"))
B22: National Stock Exchange | C22: 36 | D22: =IF(A22="","", IF(C22>=67,"yes", "no"))
A23: Iran | C23: 40 | D23: =IF(A23="","", IF(C23>=67,"yes", "no")) -> no
B24: Tehran Stock Exchange | C24: 40 | D24: =IF(A24="","", IF(C24>=67,"yes", "no"))
A25: Japan | C25: 43 | D25: =IF(A25="","", IF(C25>=67,"yes", "no")) -> no
B26: Japan Exchange Group | C26: 43 | D26: =IF(A26="","", IF(C26>=67,"yes", "no"))
A27: Saudi Arabia | C27: 35 | D27: =IF(A27="","", IF(C27>=67,"yes", "no")) -> no
B28: Saudi Stock Exchange (Tadawul) | C28: 35 | D28: =IF(A28="","", IF(C28>=67,"yes", "no"))
A29: South Africa | C29: 34 | D29: =IF(A29="","", IF(C29>=67,"yes", "no")) -> no
B30: Johannesburg Stock Exchange | C30: 34 | D30: =IF(A30="","", IF(C30>=67,"yes", "no"))
A31: South Korea | C31: 36 | D31: =IF(A31="","", IF(C31>=67,"yes", "no")) -> no
B32: Korea Exchange | C32: 36 | D32: =IF(A32="","", IF(C32>=67,"yes", "no"))
A33: Switzerland | C33: 49 | D33: =IF(A33="","", IF(C33>=67,"yes", "no")) -> no
B34: SIX Swiss Exchange | C34: 49 | D34: =IF(A34="","", IF(C34>=67,"yes", "no"))
A35: Taiwan | C35: 57 | D35: =IF(A35="","", IF(C35>=67,"yes", "no")) -> no
B36: Taiwan Stock Exchange | C36: 57 | D36: =IF(A36="","", IF(C36>=67,"yes", "no"))
A37: United Kingdom | C37: 38 | D37: =IF(A37="","", IF(C37>=67,"yes", "no")) -> no
B38: London Stock Exchange | C38: 38 | D38: =IF(A38="","", IF(C38>=67,"yes", "no"))
A39: United States | C39: 88 | D39: =IF(A39="","", IF(C39>=67,"yes", "no")) -> yes
B40: Nasdaq | C40: 42 | D40: =IF(A40="","", IF(C40>=67,"yes", "no"))
B41: New York Stock Exchange | C41: 46 | D41: =IF(A41="","", IF(C41>=67,"yes", "no"))
A42: Grand Total | C42: 1019

Sheet Profit Insights
A1: Trade ID | B1: Duration | C1: Profit
A2: ='My trades'!A2 -> hrfilyua | B2: =_xlfn.DAYS('My trades'!G2, 'My trades'!D2) -> 644 | C2: =('My trades'!H2-'My trades'!F2)*'My trades'!E2 -> 1.1964639
A3: ='My trades'!A3 -> jgrpnvil | B3: =_xlfn.DAYS('My trades'!G3, 'My trades'!D3) -> 467 | C3: =('My trades'!H3-'My trades'!F3)*'My trades'!E3 -> 0.47006019
A4: ='My trades'!A4 -> knrhgdai | B4: =_xlfn.DAYS('My trades'!G4, 'My trades'!D4) -> 407 | C4: =('My trades'!H4-'My trades'!F4)*'My trades'!E4 -> -0.37735846
A5: ='My trades'!A5 -> kweyaukr | B5: =_xlfn.DAYS('My trades'!G5, 'My trades'!D5) -> 433 | C5: =('My trades'!H5-'My trades'!F5)*'My trades'!E5 -> 0.4542755
A6: ='My trades'!A6 -> mfdlyjqb | B6: =_xlfn.DAYS('My trades'!G6, 'My trades'!D6) -> 758 | C6: =('My trades'!H6-'My trades'!F6)*'My trades'!E6 -> -0.44170898
A7: ='My trades'!A7 -> mjbwcafl | B7: =_xlfn.DAYS('My trades'!G7, 'My trades'!D7) -> 615 | C7: =('My trades'!H7-'My trades'!F7)*'My trades'!E7 -> -1.4938515
A8: ='My trades'!A8 -> mxpzparg | B8: =_xlfn.DAYS('My trades'!G8, 'My trades'!D8) -> 494 | C8: =('My trades'!H8-'My trades'!F8)*'My trades'!E8 -> -2.7225393
A9: ='My trades'!A9 -> nklszbdc | B9: =_xlfn.DAYS('My trades'!G9, 'My trades'!D9) -> 392 | C9: =('My trades'!H9-'My trades'!F9)*'My trades'!E9 -> -5.0818808
A10: ='My trades'!A10 -> pnsxdhqo | B10: =_xlfn.DAYS('My trades'!G10, 'My trades'!D10) -> 361 | C10: =('My trades'!H10-'My trades'!F10)*'My trades'!E10 -> -0.14332616
A11: ='My trades'!A11 -> qexyofhb | B11: =_xlfn.DAYS('My trades'!G11, 'My trades'!D11) -> 152 | C11: =('My trades'!H11-'My trades'!F11)*'My trades'!E11 -> -0.54187349
A12: ='My trades'!A12 -> qonnwndv | B12: =_xlfn.DAYS('My trades'!G12, 'My trades'!D12) -> 756 | C12: =('My trades'!H12-'My trades'!F12)*'My trades'!E12 -> 0.58689551
A13: ='My trades'!A13 -> twxakkhn | B13: =_xlfn.DAYS('My trades'!G13, 'My trades'!D13) -> 87 | C13: =('My trades'!H13-'My trades'!F13)*'My trades'!E13 -> 2.332716
... A34: ='My trades'!A34 -> bjfxoyxb | B34: =_xlfn.DAYS('My trades'!G34, 'My trades'!D34) -> 573 | C34: =('My trades'!H34-'My trades'!F34)*'My trades'!E34 -> 1.3264069
A35: ='My trades'!A35 -> dpaxyvrx | B35: =_xlfn.DAYS('My trades'!G35, 'My trades'!D35) -> 51 | C35: =('My trades'!H35-'My trades'!F35)*'My trades'!E35 -> -0.32528107 | F35: L’istogramma mostra una distribuzione non normale: la frequenza non segue la tipica curva a campana, ma presenta picchi irregolari. La durata più frequente si colloca tra 600-630 giorni, mentre i minimi si attestano tra 90-120 giorni e 840-870 giorni.Nel suo aspetto globale, la frequenza non ricalca una distrubuzione normale, ovvero la distrubuzione non assume la clasicca forma "a campana", ma è piuttosto caratterizzata da massimi e minimi incostanti, con l'intervallo di duration massimo che non si attesta intorno al 50% delle osservazioni,
A36: ='My trades'!A36 -> hafqyymf | B36: =_xlfn.DAYS('My trades'!G36, 'My trades'!D36) -> 588 | C36: =('My trades'!H36-'My trades'!F36)*'My trades'!E36 -> -3.3286201
A37: ='My trades'!A37 -> mxmztjnk | B37: =_xlfn.DAYS('My trades'!G37, 'My trades'!D37) -> 57 | C37: =('My trades'!H37-'My trades'!F37)*'My trades'!E37 -> 1.1022958
A38: ='My trades'!A38 -> rkupdsbn | B38: =_xlfn.DAYS('My trades'!G38, 'My trades'!D38) -> 694 | C38: =('My trades'!H38-'My trades'!F38)*'My trades'!E38 -> -0.2240614
A39: ='My trades'!A39 -> sgdkuekd | B39: =_xlfn.DAYS('My trades'!G39, 'My trades'!D39) -> 292 | C39: =('My trades'!H39-'My trades'!F39)*'My trades'!E39 -> -2.7793846
A40: ='My trades'!A40 -> stsjuvrd | B40: =_xlfn.DAYS('My trades'!G40, 'My trades'!D40) -> 244 | C40: =('My trades'!H40-'My trades'!F40)*'My trades'!E40 -> -2.0739924
A41: ='My trades'!A41 -> vajwbmmv | B41: =_xlfn.DAYS('My trades'!G41, 'My trades'!D41) -> 148 | C41: =('My trades'!H41-'My trades'!F41)*'My trades'!E41 -> -0.28002139
A42: ='My trades'!A42 -> cntrbotn | B42: =_xlfn.DAYS('My trades'!G42, 'My trades'!D42) -> 623 | C42: =('My trades'!H42-'My trades'!F42)*'My trades'!E42 -> 0.44281899
A43: ='My trades'!A43 -> eodhevfz | B43: =_xlfn.DAYS('My trades'!G43, 'My trades'!D43) -> 795 | C43: =('My trades'!H43-'My trades'!F43)*'My trades'!E43 -> 5.8835677
A44: ='My trades'!A44 -> gnghjpok | B44: =_xlfn.DAYS('My trades'!G44, 'My trades'!D44) -> 707 | C44: =('My trades'!H44-'My trades'!F44)*'My trades'!E44 -> -5.0188698
A45: ='My trades'!A45 -> hnmvqkxv | B45: =_xlfn.DAYS('My trades'!G45, 'My trades'!D45) -> 609 | C45: =('My trades'!H45-'My trades'!F45)*'My trades'!E45 -> -2.660822
A46: ='My trades'!A46 -> ifskxsgr | B46: =_xlfn.DAYS('My trades'!G46, 'My trades'!D46) -> 355 | C46: =('My trades'!H46-'My trades'!F46)*'My trades'!E46 -> -0.57038562
A47: ='My trades'!A47 -> kpoujdyl | B47: =_xlfn.DAYS('My trades'!G47, 'My trades'!D47) -> 351 | C47: =('My trades'!H47-'My trades'!F47)*'My trades'!E47 -> 0.1217459
... A201: ='My trades'!A201 -> xmzhzbvl | B201: =_xlfn.DAYS('My trades'!G201, 'My trades'!D201) -> 501 | C201: =('My trades'!H201-'My trades'!F201)*'My trades'!E201 -> 1.659527

Sheet Number of Trades Exchanged
C3: Number of trades
C5: 1 | D5: 2 | E5: 3 | F5: 4 | G5: 5 | H5: 6 | I5: 7 | J5: 8 | K5: 9 | L5: 10 | M5: Marginale
A6: Ragion | B6: {=_xlfn.UNIQUE( 'My trades'!C2:C201)} -> Australia | C6: =COUNTIFS('My trades'!C:C,B6,'My trades'!E:E,'Number of Trades Exchanged'!$C$5) -> 3 | D6: =COUNTIFS('My trades'!C:C,B6,'My trades'!E:E,$D$5) -> 2 | E6: =COUNTIFS('My trades'!C:C,B6,'My trades'!E:E,'Number of Trades Exchanged'!$E$5) -> 1 | F6: =COUNTIFS('My trades'!C:C,B6,'My trades'!E:E,'Number of Trades Exchanged'!$F$5) -> 0 | G6: =COUNTIFS('My trades'!C:C,B6,'My trades'!E:E,'Number of Trades Exchanged'!$G$5) -> 3 | H6: =COUNTIFS('My trades'!C:C,B6,'My trades'!E:E,'Number of Trades Exchanged'!$H$5) -> 1 | I6: =COUNTIFS('My trades'!C:C,B6,'My trades'!E:E,'Number of Trades Exchanged'!$I$5) -> 3 | J6: =COUNTIFS('My trades'!C:C,B6,'My trades'!E:E,'Number of Trades Exchanged'!$J$5) -> 1 | K6: =COUNTIFS('My trades'!C:C,B6,'My trades'!E:E,'Number of Trades Exchanged'!$K$5) -> 0 | L6: =COUNTIFS('My trades'!C:C,B6,'My trades'!E:E,'Number of Trades Exchanged'!$L$5) -> 2 | M6: =SUM(C6:L6) -> 16
B7: Brazil | C7: =COUNTIFS('My trades'!C:C,B7,'My trades'!E:E,'Number of Trades Exchanged'!$C$5) -> 2 | D7: =COUNTIFS('My trades'!C:C,B7,'My trades'!E:E,$D$5) -> 3 | E7: =COUNTIFS('My trades'!C:C,B7,'My trades'!E:E,'Number of Trades Exchanged'!$E$5) -> 1 | F7: =COUNTIFS('My trades'!C:C,B7,'My trades'!E:E,'Number of Trades Exchanged'!$F$5) -> 1 | G7: =COUNTIFS('My trades'!C:C,B7,'My trades'!E:E,'Number of Trades Exchanged'!$G$5) -> 0 | H7: =COUNTIFS('My trades'!C:C,B7,'My trades'!E:E,'Number of Trades Exchanged'!$H$5) -> 1 | I7: =COUNTIFS('My trades'!C:C,B7,'My trades'!E:E,'Number of Trades Exchanged'!$I$5) -> 4 | J7: =COUNTIFS('My trades'!C:C,B7,'My trades'!E:E,'Number of Trades Exchanged'!$J$5) -> 2 | K7: =COUNTIFS('My trades'!C:C,B7,'My trades'!E:E,'Number of Trades Exchanged'!$K$5) -> 2 | L7: =COUNTIFS('My trades'!C:C,B7,'My trades'!E:E,'Number of Trades Exchanged'!$L$5) -> 0 | M7: =SUM(C7:L7) -> 16
B8: Canada | C8: =COUNTIFS('My trades'!C:C,B8,'My trades'!E:E,'Number of Trades Exchanged'!$C$5) -> 0 | D8: =COUNTIFS('My trades'!C:C,B8,'My trades'!E:E,$D$5) -> 2 | E8: =COUNTIFS('My trades'!C:C,B8,'My trades'!E:E,'Number of Trades Exchanged'!$E$5) -> 0 | F8: =COUNTIFS('My trades'!C:C,B8,'My trades'!E:E,'Number of Trades Exchanged'!$F$5) -> 0 | G8: =COUNTIFS('My trades'!C:C,B8,'My trades'!E:E,'Number of Trades Exchanged'!$G$5) -> 2 | H8: =COUNTIFS('My trades'!C:C,B8,'My trades'!E:E,'Number of Trades Exchanged'!$H$5) -> 2 | I8: =COUNTIFS('My trades'!C:C,B8,'My trades'!E:E,'Number of Trades Exchanged'!$I$5) -> 0 | J8: =COUNTIFS('My trades'!C:C,B8,'My trades'!E:E,'Number of Trades Exchanged'!$J$5) -> 0 | K8: =COUNTIFS('My trades'!C:C,B8,'My trades'!E:E,'Number of Trades Exchanged'!$K$5) -> 0 | L8: =COUNTIFS('My trades'!C:C,B8,'My trades'!E:E,'Number of Trades Exchanged'!$L$5) -> 2 | M8: =SUM(C8:L8) -> 8
B9: China | C9: =COUNTIFS('My trades'!C:C,B9,'My trades'!E:E,'Number of Trades Exchanged'!$C$5) -> 2 | D9: =COUNTIFS('My trades'!C:C,B9,'My trades'!E:E,$D$5) -> 1 | E9: =COUNTIFS('My trades'!C:C,B9,'My trades'!E:E,'Number of Trades Exchanged'!$E$5) -> 1 | F9: =COUNTIFS('My trades'!C:C,B9,'My trades'!E:E,'Number of Trades Exchanged'!$F$5) -> 6 | G9: =COUNTIFS('My trades'!C:C,B9,'My trades'!E:E,'Number of Trades Exchanged'!$G$5) -> 1 | H9: =COUNTIFS('My trades'!C:C,B9,'My trades'!E:E,'Number of Trades Exchanged'!$H$5) -> 2 | I9: =COUNTIFS('My trades'!C:C,B9,'My trades'!E:E,'Number of Trades Exchanged'!$I$5) -> 0 | J9: =COUNTIFS('My trades'!C:C,B9,'My trades'!E:E,'Number of Trades Exchanged'!$J$5) -> 1 | K9: =COUNTIFS('My trades'!C:C,B9,'My trades'!E:E,'Number of Trades Exchanged'!$K$5) -> 2 | L9: =COUNTIFS('My trades'!C:C,B9,'My trades'!E:E,'Number of Trades Exchanged'!$L$5) -> 0 | M9: =SUM(C9:L9) -> 16
B10: Europe | C10: =COUNTIFS('My trades'!C:C,B10,'My trades'!E:E,'Number of Trades Exchanged'!$C$5) -> 3 | D10: =COUNTIFS('My trades'!C:C,B10,'My trades'!E:E,$D$5) -> 1 | E10: =COUNTIFS('My trades'!C:C,B10,'My trades'!E:E,'Number of Trades Exchanged'!$E$5) -> 2 | F10: =COUNTIFS('My trades'!C:C,B10,'My trades'!E:E,'Number of Trades Exchanged'!$F$5) -> 3 | G10: =COUNTIFS('My trades'!C:C,B10,'My trades'!E:E,'Number of Trades Exchanged'!$G$5) -> 2 | H10: =COUNTIFS('My trades'!C:C,B10,'My trades'!E:E,'Number of Trades Exchanged'!$H$5) -> 3 | I10: =COUNTIFS('My trades'!C:C,B10,'My trades'!E:E,'Number of Trades Exchanged'!$I$5) -> 0 | J10: =COUNTIFS('My trades'!C:C,B10,'My trades'!E:E,'Number of Trades Exchanged'!$J$5) -> 0 | K10: =COUNTIFS('My trades'!C:C,B10,'My trades'!E:E,'Number of Trades Exchanged'!$K$5) -> 1 | L10: =COUNTIFS('My trades'!C:C,B10,'My trades'!E:E,'Number of Trades Exchanged'!$L$5) -> 1 | M10: =SUM(C10:L10) -> 16
B11: Germany | C11: =COUNTIFS('My trades'!C:C,B11,'My trades'!E:E,'Number of Trades Exchanged'!$C$5) -> 1 | D11: =COUNTIFS('My trades'!C:C,B11,'My trades'!E:E,$D$5) -> 1 | E11: =COUNTIFS('My trades'!C:C,B11,'My trades'!E:E,'Number of Trades Exchanged'!$E$5) -> 3 | F11: =COUNTIFS('My trades'!C:C,B11,'My trades'!E:E,'Number of Trades Exchanged'!$F$5) -> 0 | G11: =COUNTIFS('My trades'!C:C,B11,'My trades'!E:E,'Number of Trades Exchanged'!$G$5) -> 4 | H11: =COUNTIFS('My trades'!C:C,B11,'My trades'!E:E,'Number of Trades Exchanged'!$H$5) -> 4 | I11: =COUNTIFS('My trades'!C:C,B11,'My trades'!E:E,'Number of Trades Exchanged'!$I$5) -> 1 | J11: =COUNTIFS('My trades'!C:C,B11,'My trades'!E:E,'Number of Trades Exchanged'!$J$5) -> 0 | K11: =COUNTIFS('My trades'!C:C,B11,'My trades'!E:E,'Number of Trades Exchanged'!$K$5) -> 2 | L11: =COUNTIFS('My trades'!C:C,B11,'My trades'!E:E,'Number of Trades Exchanged'!$L$5) -> 0 | M11: =SUM(C11:L11) -> 16
B12: Hong Kong | C12: =COUNTIFS('My trades'!C:C,B12,'My trades'!E:E,'Number of Trades Exchanged'!$C$5) -> 0 | D12: =COUNTIFS('My trades'!C:C,B12,'My trades'!E:E,$D$5) -> 0 | E12: =COUNTIFS('My trades'!C:C,B12,'My trades'!E:E,'Number of Trades Exchanged'!$E$5) -> 0 | F12: =COUNTIFS('My trades'!C:C,B12,'My trades'!E:E,'Number of Trades Exchanged'!$F$5) -> 0 | G12: =COUNTIFS('My trades'!C:C,B12,'My trades'!E:E,'Number of Trades Exchanged'!$G$5) -> 3 | H12: =COUNTIFS('My trades'!C:C,B12,'My trades'!E:E,'Number of Trades Exchanged'!$H$5) -> 1 | I12: =COUNTIFS('My trades'!C:C,B12,'My trades'!E:E,'Number of Trades Exchanged'!$I$5) -> 2 | J12: =COUNTIFS('My trades'!C:C,B12,'My trades'!E:E,'Number of Trades Exchanged'!$J$5) -> 0 | K12: =COUNTIFS('My trades'!C:C,B12,'My trades'!E:E,'Number of Trades Exchanged'!$K$5) -> 1 | L12: =COUNTIFS('My trades'!C:C,B12,'My trades'!E:E,'Number of Trades Exchanged'!$L$5) -> 1 | M12: =SUM(C12:L12) -> 8
B13: India | C13: =COUNTIFS('My trades'!C:C,B13,'My trades'!E:E,'Number of Trades Exchanged'!$C$5) -> 4 | D13: =COUNTIFS('My trades'!C:C,B13,'My trades'!E:E,$D$5) -> 4 | E13: =COUNTIFS('My trades'!C:C,B13,'My trades'!E:E,'Number of Trades Exchanged'!$E$5) -> 4 | F13: =COUNTIFS('My trades'!C:C,B13,'My trades'!E:E,'Number of Trades Exchanged'!$F$5) -> 1 | G13: =COUNTIFS('My trades'!C:C,B13,'My trades'!E:E,'Number of Trades Exchanged'!$G$5) -> 1 | H13: =COUNTIFS('My trades'!C:C,B13,'My trades'!E:E,'Number of Trades Exchanged'!$H$5) -> 3 | I13: =COUNTIFS('My trades'!C:C,B13,'My trades'!E:E,'Number of Trades Exchanged'!$I$5) -> 2 | J13: =COUNTIFS('My trades'!C:C,B13,'My trades'!E:E,'Number of Trades Exchanged'!$J$5) -> 1 | K13: =COUNTIFS('My trades'!C:C,B13,'My trades'!E:E,'Number of Trades Exchanged'!$K$5) -> 2 | L13: =COUNTIFS('My trades'!C:C,B13,'My trades'!E:E,'Number of Trades Exchanged'!$L$5) -> 2 | M13: =SUM(C13:L13) -> 24
B14: Iran | C14: =COUNTIFS('My trades'!C:C,B14,'My trades'!E:E,'Number of Trades Exchanged'!$C$5) -> 0 | D14: =COUNTIFS('My trades'!C:C,B14,'My trades'!E:E,$D$5) -> 2 | E14: =COUNTIFS('My trades'!C:C,B14,'My trades'!E:E,'Number of Trades Exchanged'!$E$5) -> 1 | F14: =COUNTIFS('My trades'!C:C,B14,'My trades'!E:E,'Number of Trades Exchanged'!$F$5) -> 1 | G14: =COUNTIFS('My trades'!C:C,B14,'My trades'!E:E,'Number of Trades Exchanged'!$G$5) -> 1 | H14: =COUNTIFS('My trades'!C:C,B14,'My trades'!E:E,'Number of Trades Exchanged'!$H$5) -> 1 | I14: =COUNTIFS('My trades'!C:C,B14,'My trades'!E:E,'Number of Trades Exchanged'!$I$5) -> 0 | J14: =COUNTIFS('My trades'!C:C,B14,'My trades'!E:E,'Number of Trades Exchanged'!$J$5) -> 1 | K14: =COUNTIFS('My trades'!C:C,B14,'My trades'!E:E,'Number of Trades Exchanged'!$K$5) -> 0 | L14: =COUNTIFS('My trades'!C:C,B14,'My trades'!E:E,'Number of Trades Exchanged'!$L$5) -> 1 | M14: =SUM(C14:L14) -> 8
B15: Japan | C15: =COUNTIFS('My trades'!C:C,B15,'My trades'!E:E,'Number of Trades Exchanged'!$C$5) -> 1 | D15: =COUNTIFS('My trades'!C:C,B15,'My trades'!E:E,$D$5) -> 1 | E15: =COUNTIFS('My trades'!C:C,B15,'My trades'!E:E,'Number of Trades Exchanged'!$E$5) -> 1 | F15: =COUNTIFS('My trades'!C:C,B15,'My trades'!E:E,'Number of Trades Exchanged'!$F$5) -> 0 | G15: =COUNTIFS('My trades'!C:C,B15,'My trades'!E:E,'Number of Trades Exchanged'!$G$5) -> 0 | H15: =COUNTIFS('My trades'!C:C,B15,'My trades'!E:E,'Number of Trades Exchanged'!$H$5) -> 2 | I15: =COUNTIFS('My trades'!C:C,B15,'My trades'!E:E,'Number of Trades Exchanged'!$I$5) -> 0 | J15: =COUNTIFS('My trades'!C:C,B15,'My trades'!E:E,'Number of Trades Exchanged'!$J$5) -> 2 | K15: =COUNTIFS('My trades'!C:C,B15,'My trades'!E:E,'Number of Trades Exchanged'!$K$5) -> 1 | L15: =COUNTIFS('My trades'!C:C,B15,'My trades'!E:E,'Number of Trades Exchanged'!$L$5) -> 0 | M15: =SUM(C15:L15) -> 8
B16: Saudi Arabia | C16: =COUNTIFS('My trades'!C:C,B16,'My trades'!E:E,'Number of Trades Exchanged'!$C$5) -> 1 | D16: =COUNTIFS('My trades'!C:C,B16,'My trades'!E:E,$D$5) -> 2 | E16: =COUNTIFS('My trades'!C:C,B16,'My trades'!E:E,'Number of Trades Exchanged'!$E$5) -> 0 | F16: =COUNTIFS('My trades'!C:C,B16,'My trades'!E:E,'Number of Trades Exchanged'!$F$5) -> 0 | G16: =COUNTIFS('My trades'!C:C,B16,'My trades'!E:E,'Number of Trades Exchanged'!$G$5) -> 2 | H16: =COUNTIFS('My trades'!C:C,B16,'My trades'!E:E,'Number of Trades Exchanged'!$H$5) -> 1 | I16: =COUNTIFS('My trades'!C:C,B16,'My trades'!E:E,'Number of Trades Exchanged'!$I$5) -> 2 | J16: =COUNTIFS('My trades'!C:C,B16,'My trades'!E:E,'Number of Trades Exchanged'!$J$5) -> 0 | K16: =COUNTIFS('My trades'!C:C,B16,'My trades'!E:E,'Number of Trades Exchanged'!$K$5) -> 0 | L16: =COUNTIFS('My trades'!C:C,B16,'My trades'!E:E,'Number of Trades Exchanged'!$L$5) -> 0 | M16: =SUM(C16:L16) -> 8
B17: South Africa | C17: =COUNTIFS('My trades'!C:C,B17,'My trades'!E:E,'Number of Trades Exchanged'!$C$5) -> 2 | D17: =COUNTIFS('My trades'!C:C,B17,'My trades'!E:E,$D$5) -> 0 | E17: =COUNTIFS('My trades'!C:C,B17,'My trades'!E:E,'Number of Trades Exchanged'!$E$5) -> 1 | F17: =COUNTIFS('My trades'!C:C,B17,'My trades'!E:E,'Number of Trades Exchanged'!$F$5) -> 2 | G17: =COUNTIFS('My trades'!C:C,B17,'My trades'!E:E,'Number of Trades Exchanged'!$G$5) -> 1 | H17: =COUNTIFS('My trades'!C:C,B17,'My trades'!E:E,'Number of Trades Exchanged'!$H$5) -> 1 | I17: =COUNTIFS('My trades'!C:C,B17,'My trades'!E:E,'Number of Trades Exchanged'!$I$5) -> 0 | J17: =COUNTIFS('My trades'!C:C,B17,'My trades'!E:E,'Number of Trades Exchanged'!$J$5) -> 0 | K17: =COUNTIFS('My trades'!C:C,B17,'My trades'!E:E,'Number of Trades Exchanged'!$K$5) -> 0 | L17: =COUNTIFS('My trades'!C:C,B17,'My trades'!E:E,'Number of Trades Exchanged'!$L$5) -> 1 | M17: =SUM(C17:L17) -> 8
B18: South Korea | C18: =COUNTIFS('My trades'!C:C,B18,'My trades'!E:E,'Number of Trades Exchanged'!$C$5) -> 2 | D18: =COUNTIFS('My trades'!C:C,B18,'My trades'!E:E,$D$5) -> 0 | E18: =COUNTIFS('My trades'!C:C,B18,'My trades'!E:E,'Number of Trades Exchanged'!$E$5) -> 2 | F18: =COUNTIFS('My trades'!C:C,B18,'My trades'!E:E,'Number of Trades Exchanged'!$F$5) -> 0 | G18: =COUNTIFS('My trades'!C:C,B18,'My trades'!E:E,'Number of Trades Exchanged'!$G$5) -> 0 | H18: =COUNTIFS('My trades'!C:C,B18,'My trades'!E:E,'Number of Trades Exchanged'!$H$5) -> 1 | I18: =COUNTIFS('My trades'!C:C,B18,'My trades'!E:E,'Number of Trades Exchanged'!$I$5) -> 2 | J18: =COUNTIFS('My trades'!C:C,B18,'My trades'!E:E,'Number of Trades Exchanged'!$J$5) -> 1 | K18: =COUNTIFS('My trades'!C:C,B18,'My trades'!E:E,'Number of Trades Exchanged'!$K$5) -> 0 | L18: =COUNTIFS('My trades'!C:C,B18,'My trades'!E:E,'Number of Trades Exchanged'!$L$5) -> 0 | M18: =SUM(C18:L18) -> 8
... B22: United States | C22: =COUNTIFS('My trades'!C:C,B22,'My trades'!E:E,'Number of Trades Exchanged'!$C$5) -> 2 | D22: =COUNTIFS('My trades'!C:C,B22,'My trades'!E:E,$D$5) -> 1 | E22: =COUNTIFS('My trades'!C:C,B22,'My trades'!E:E,'Number of Trades Exchanged'!$E$5) -> 3 | F22: =COUNTIFS('My trades'!C:C,B22,'My trades'!E:E,'Number of Trades Exchanged'!$F$5) -> 2 | G22: =COUNTIFS('My trades'!C:C,B22,'My trades'!E:E,'Number of Trades Exchanged'!$G$5) -> 0 | H22: =COUNTIFS('My trades'!C:C,B22,'My trades'!E:E,'Number of Trades Exchanged'!$H$5) -> 1 | I22: =COUNTIFS('My trades'!C:C,B22,'My trades'!E:E,'Number of Trades Exchanged'!$I$5) -> 1 | J22: =COUNTIFS('My trades'!C:C,B22,'My trades'!E:E,'Number of Trades Exchanged'!$J$5) -> 3 | K22: =COUNTIFS('My trades'!C:C,B22,'My trades'!E:E,'Number of Trades Exchanged'!$K$5) -> 0 | L22: =COUNTIFS('My trades'!C:C,B22,'My trades'!E:E,'Number of Trades Exchanged'!$L$5) -> 3 | M22: =SUM(C22:L22) -> 16
B23: Marginale | C23: =SUM(C6:C22) -> 26 | D23: =SUM(D6:D22) -> 22 | E23: =SUM(E6:E22) -> 21 | F23: =SUM(F6:F22) -> 18 | G23: =SUM(G6:G22) -> 21 | H23: =SUM(H6:H22) -> 27 | I23: =SUM(I6:I22) -> 20 | J23: =SUM(J6:J22) -> 14 | ... M23: =SUM(M6:M22) -> 200 | Q23: probanilità che estraendo un qualunque tradeID questo sia stato acquistato asattamente 7 volte in UK
Q26: trade in uk acquistati 7 volte | T26: 2
Q27: probabilità | T27: =T26/M23 -> 0.01
Q28: probabilità percentuale: | T28: 0.005
Q30: probanilità che estraendo un qualunque tradeID questo sia stato acquistato in un qualunque stato asiatico in qualita no superiore a 8 unità
Q33: somma trade <=8 | T33: =SUM(M12,M9,M13,M14,M15,M16,M17,M18,M20) -> 96
Q34: probabilità | T34: =T33/M23 -> 0.48
Q35: probabilità percentuale: | T35: 0.48
